{
  "node0": {
    "flag": "input"
  },
  "node1": {
    "flag": "input"
  },
  "node2": {
    "flag": "input"
  },
  "node3": {
    "flag": "input"
  },
  "node4": {
    "flag": "input"
  },
  "node5": {
    "flag": "input"
  },
  "node6": {
    "flag": "input"
  },
  "node7": {
    "flag": "input"
  },
  "node8": {
    "flag": "input"
  },
  "node9": {
    "flag": "input"
  },
  "node10": {
    "flag": "input"
  },
  "node11": {
    "flag": "input"
  },
  "node12": {
    "flag": "input"
  },
  "node13": {
    "flag": "input"
  },
  "node14": {
    "flag": "input"
  },
  "node15": {
    "flag": "input"
  },
  "node16": {
    "flag": "output",
    "bias": 0.00,
    "connections": [ "node0", "node1", "node2", "node3", "node4", "node5", "node6", "node7", "node8", "node9", "node10", "node11", "node12", "node13", "node14", "node15" ],
    "weights": {
      "node0": 0.00,
      "node1": 0.00,
      "node2": 0.00,
      "node3": 0.00,
      "node4": 0.00,
      "node5": 0.00,
      "node6": 0.00,
      "node7": 0.00,
      "node8": 0.00,
      "node9": 0.00,
      "node10": 0.00,
      "node11": 0.00,
      "node12": 0.00,
      "node13": 0.00,
      "node14": 0.00,
      "node15": 0.00
    }
  },
  "train_dat": {
    "0": {
      "node0": 0.1,
      "node1": 0.2,
      "node2": 0.3,
      "node3": 0.4,
      "node4": 0.5,
      "node5": 0.6,
      "node6": 0.7,
      "node7": 0.8,
      "node8": 0.9,
      "node9": 1.0,
      "node10": 1.1,
      "node11": 1.2,
      "node12": 1.3,
      "node13": 1.4,
      "node14": 1.5,
      "node15": 1.6
    },
    "1": {
      "node0": 6,
      "node1": 1,
      "node2": 8,
      "node3": 3,
      "node4": 7,
      "node5": 2,
      "node6": 9,
      "node7": 4,
      "node8": 6,
      "node9": 5,
      "node10": 2,
      "node11": 8,
      "node12": 7,
      "node13": 3,
      "node14": 1,
      "node15": 9
    },
    "2": {
      "node0": 2,
      "node1": 9,
      "node2": 4,
      "node3": 1,
      "node4": 8,
      "node5": 3,
      "node6": 7,
      "node7": 5,
      "node8": 2,
      "node9": 6,
      "node10": 9,
      "node11": 4,
      "node12": 3,
      "node13": 8,
      "node14": 5,
      "node15": 1
    },
    "3": {
      "node0": 8,
      "node1": 3,
      "node2": 6,
      "node3": 2,
      "node4": 9,
      "node5": 5,
      "node6": 1,
      "node7": 7,
      "node8": 4,
      "node9": 8,
      "node10": 6,
      "node11": 2,
      "node12": 9,
      "node13": 5,
      "node14": 3,
      "node15": 7
    },
    "4": {
      "node0": 2,
      "node1": 4,
      "node2": 6,
      "node3": 8,
      "node4": 10,
      "node5": 12,
      "node6": 14,
      "node7": 16,
      "node8": 18,
      "node9": 20,
      "node10": 22,
      "node11": 24,
      "node12": 26,
      "node13": 28,
      "node14": 30,
      "node15": 32
    },
    "5": {
      "node0": 1,
      "node1": 1,
      "node2": 2,
      "node3": 3,
      "node4": 5,
      "node5": 8,
      "node6": 13,
      "node7": 21,
      "node8": 34,
      "node9": 55,
      "node10": 89,
      "node11": 144,
      "node12": 233,
      "node13": 377,
      "node14": 610,
      "node15": 987
    },
    "6": {
      "node0": 3,
      "node1": 7,
      "node2": 1,
      "node3": 9,
      "node4": 4,
      "node5": 6,
      "node6": 2,
      "node7": 8,
      "node8": 5,
      "node9": 7,
      "node10": 3,
      "node11": 6,
      "node12": 1,
      "node13": 4,
      "node14": 8,
      "node15": 2
    },
    "7": {
      "node0": 1,
      "node1": 4,
      "node2": 9,
      "node3": 16,
      "node4": 25,
      "node5": 36,
      "node6": 49,
      "node7": 64,
      "node8": 81,
      "node9": 100,
      "node10": 121,
      "node11": 144,
      "node12": 169,
      "node13": 196,
      "node14": 225,
      "node15": 256
    },
    "8": {
      "node0": 10,
      "node1": 9,
      "node2": 8,
      "node3": 7,
      "node4": 6,
      "node5": 5,
      "node6": 4,
      "node7": 3,
      "node8": 2,
      "node9": 1,
      "node10": 0,
      "node11": -1,
      "node12": -2,
      "node13": -3,
      "node14": -4,
      "node15": -5
    },
    "9": {
      "node0": 4,
      "node1": 12,
      "node2": 7,
      "node3": 19,
      "node4": 2,
      "node5": 15,
      "node6": 9,
      "node7": 1,
      "node8": 17,
      "node9": 6,
      "node10": 11,
      "node11": 3,
      "node12": 8,
      "node13": 14,
      "node14": 5,
      "node15": 10
    },
    "10": {
      "node0": 0.5,
      "node1": 1.0,
      "node2": 1.5,
      "node3": 2.0,
      "node4": 2.5,
      "node5": 3.0,
      "node6": 3.5,
      "node7": 4.0,
      "node8": 4.5,
      "node9": 5.0,
      "node10": 5.5,
      "node11": 6.0,
      "node12": 6.5,
      "node13": 7.0,
      "node14": 7.5,
      "node15": 8.0
    },
    "11": {
      "node0": 5,
      "node1": 2,
      "node2": 9,
      "node3": 3,
      "node4": 7,
      "node5": 1,
      "node6": 8,
      "node7": 4,
      "node8": 6,
      "node9": 0,
      "node10": 10,
      "node11": 5,
      "node12": 3,
      "node13": 9,
      "node14": 2,
      "node15": 7
    },
    "12": {
      "node0": 1,
      "node1": 2,
      "node2": 4,
      "node3": 8,
      "node4": 16,
      "node5": 32,
      "node6": 64,
      "node7": 128,
      "node8": 256,
      "node9": 512,
      "node10": 1024,
      "node11": 2048,
      "node12": 4096,
      "node13": 8192,
      "node14": 16384,
      "node15": 32768
    },
    "13": {
      "node0": 7,
      "node1": 3,
      "node2": 5,
      "node3": 9,
      "node4": 1,
      "node5": 6,
      "node6": 2,
      "node7": 8,
      "node8": 4,
      "node9": 0,
      "node10": 3,
      "node11": 7,
      "node12": 1,
      "node13": 9,
      "node14": 5,
      "node15": 2
    },
    "14": {
      "node0": 0,
      "node1": 0,
      "node2": 0,
      "node3": 0,
      "node4": 1,
      "node5": 1,
      "node6": 1,
      "node7": 1,
      "node8": 2,
      "node9": 2,
      "node10": 2,
      "node11": 2,
      "node12": 3,
      "node13": 3,
      "node14": 3,
      "node15": 3
    },
    "15": {
      "node0": 1,
      "node1": 3,
      "node2": 5,
      "node3": 7,
      "node4": 9,
      "node5": 11,
      "node6": 13,
      "node7": 15,
      "node8": 17,
      "node9": 19,
      "node10": 21,
      "node11": 23,
      "node12": 25,
      "node13": 27,
      "node14": 29,
      "node15": 31
    },
    "16": {
      "node0": 3,
      "node1": 6,
      "node2": 2,
      "node3": 7,
      "node4": 5,
      "node5": 1,
      "node6": 8,
      "node7": 4,
      "node8": 0,
      "node9": 9,
      "node10": 2,
      "node11": 6,
      "node12": 3,
      "node13": 7,
      "node14": 1,
      "node15": 5
    },
    "17": {
      "node0": 0,
      "node1": 1,
      "node2": 4,
      "node3": 9,
      "node4": 16,
      "node5": 25,
      "node6": 36,
      "node7": 49,
      "node8": 64,
      "node9": 81,
      "node10": 100,
      "node11": 121,
      "node12": 144,
      "node13": 169,
      "node14": 196,
      "node15": 225
    },
    "18": {
      "node0": 2,
      "node1": 5,
      "node2": 7,
      "node3": 1,
      "node4": 3,
      "node5": 6,
      "node6": 0,
      "node7": 4,
      "node8": 9,
      "node9": 8,
      "node10": 2,
      "node11": 7,
      "node12": 1,
      "node13": 5,
      "node14": 3,
      "node15": 6
    },
    "19": {
      "node0": 0.2,
      "node1": 0.4,
      "node2": 0.6,
      "node3": 0.8,
      "node4": 1.0,
      "node5": 1.2,
      "node6": 1.4,
      "node7": 1.6,
      "node8": 1.8,
      "node9": 2.0,
      "node10": 2.2,
      "node11": 2.4,
      "node12": 2.6,
      "node13": 2.8,
      "node14": 3.0,
      "node15": 3.2
    }
  },
  "correct_vals": {
    "0": { "node16": true },
    "1": { "node16": false },
    "2": { "node16": false },
    "3": { "node16": false },
    "4": { "node16": true },
    "5": { "node16": true },
    "6": { "node16": false },
    "7": { "node16": true },
    "8": { "node16": true },
    "9": { "node16": false },
    "10": { "node16": true },
    "11": { "node16": false },
    "12": { "node16": true },
    "13": { "node16": false },
    "14": { "node16": true },
    "15": { "node16": true },
    "16": { "node16": false },
    "17": { "node16": true },
    "18": { "node16": false },
    "19": { "node16": true }
  },
  "amount_correct_needed": 15
}
